Workbook

Sheet Lead Tracker
A1: Pipeline Growth — Lead Tracker
A2: Copy data from the CRM app or enter manually. Priority Score 1-10. Stages match the pipeline.
A4: Company | B4: Website | C4: Contact Name | D4: Title | E4: Email | F4: LinkedIn | G4: Industry | H4: Employees | I4: Revenue | J4: Location | K4: Priority Score | L4: Stage | M4: Pipeline Value ($) | N4: Lead Source | O4: Email Step | P4: Created Date | Q4: Notes
K5: 5 | L5: Prospect
K6: 5 | L6: Prospect
K7: 5 | L7: Prospect
K8: 5 | L8: Prospect
K9: 5 | L9: Prospect
K10: 5 | L10: Prospect
K11: 5 | L11: Prospect
K12: 5 | L12: Prospect
K13: 5 | L13: Prospect
K14: 5 | L14: Prospect
K15: 5 | L15: Prospect
K16: 5 | L16: Prospect
... K54: 5 | L54: Prospect
A55: Stages: Prospect | Contacted | Responded | Discovery Call | Audit in Progress | Proposal Sent | Negotiation | Closed Won | Closed Lost | Nurture
A56: TIP: In Excel, use Data > Data Validation > List for Stage column (L) with the stage names above.

Sheet Pipeline Summary
A1: Pipeline Summary Dashboard
A3: KEY METRICS
A4: Total Leads | B4: =COUNTA('Lead Tracker'!C5:C54)
A5: Active Pipeline | B5: =COUNTIF('Lead Tracker'!L5:L54,"Prospect")+COUNTIF('Lead Tracker'!L5:L54,"Contacted")+COUNTIF('Lead Tracker'!L5:L54,"Responded")+COUNTIF('Lead Tracker'!L5:L54,"Discovery Call")+COUNTIF('Lead Tracker'!L5:L54,"Audit in Progress")+COUNTIF('Lead Tracker'!L5:L54,"Proposal Sent")+COUNTIF('Lead Tracker'!L5:L54,"Negotiation")
A6: Closed Won | B6: =COUNTIF('Lead Tracker'!L5:L54,"Closed Won")
A7: Closed Lost | B7: =COUNTIF('Lead Tracker'!L5:L54,"Closed Lost")
A8: Pipeline Value ($) | B8: =SUMPRODUCT(('Lead Tracker'!L5:L54<>"Closed Won")*('Lead Tracker'!L5:L54<>"Closed Lost")*('Lead Tracker'!L5:L54<>"Nurture")*('Lead Tracker'!M5:M54))
A9: Won Revenue ($) | B9: =SUMIF('Lead Tracker'!L5:L54,"Closed Won",'Lead Tracker'!M5:M54)
A10: Avg Deal Size ($) | B10: =IFERROR(SUMIF('Lead Tracker'!L5:L54,"Closed Won",'Lead Tracker'!M5:M54)/COUNTIF('Lead Tracker'!L5:L54,"Closed Won"),0)
A11: Conversion Rate | B11: =IFERROR(COUNTIF('Lead Tracker'!L5:L54,"Closed Won")/COUNTA('Lead Tracker'!L5:L54),0)
A13: PIPELINE BY STAGE
A14: Stage | B14: Count | C14: Value ($) | D14: Avg Score
A15: Prospect | B15: =COUNTIF('Lead Tracker'!L$5:L$54,"Prospect") | C15: =SUMIF('Lead Tracker'!L$5:L$54,"Prospect",'Lead Tracker'!M$5:M$54) | D15: =IFERROR(AVERAGEIF('Lead Tracker'!L$5:L$54,"Prospect",'Lead Tracker'!K$5:K$54),0)
A16: Contacted | B16: =COUNTIF('Lead Tracker'!L$5:L$54,"Contacted") | C16: =SUMIF('Lead Tracker'!L$5:L$54,"Contacted",'Lead Tracker'!M$5:M$54) | D16: =IFERROR(AVERAGEIF('Lead Tracker'!L$5:L$54,"Contacted",'Lead Tracker'!K$5:K$54),0)
A17: Responded | B17: =COUNTIF('Lead Tracker'!L$5:L$54,"Responded") | C17: =SUMIF('Lead Tracker'!L$5:L$54,"Responded",'Lead Tracker'!M$5:M$54) | D17: =IFERROR(AVERAGEIF('Lead Tracker'!L$5:L$54,"Responded",'Lead Tracker'!K$5:K$54),0)
A18: Discovery Call | B18: =COUNTIF('Lead Tracker'!L$5:L$54,"Discovery Call") | C18: =SUMIF('Lead Tracker'!L$5:L$54,"Discovery Call",'Lead Tracker'!M$5:M$54) | D18: =IFERROR(AVERAGEIF('Lead Tracker'!L$5:L$54,"Discovery Call",'Lead Tracker'!K$5:K$54),0)
A19: Audit in Progress | B19: =COUNTIF('Lead Tracker'!L$5:L$54,"Audit in Progress") | C19: =SUMIF('Lead Tracker'!L$5:L$54,"Audit in Progress",'Lead Tracker'!M$5:M$54) | D19: =IFERROR(AVERAGEIF('Lead Tracker'!L$5:L$54,"Audit in Progress",'Lead Tracker'!K$5:K$54),0)
A20: Proposal Sent | B20: =COUNTIF('Lead Tracker'!L$5:L$54,"Proposal Sent") | C20: =SUMIF('Lead Tracker'!L$5:L$54,"Proposal Sent",'Lead Tracker'!M$5:M$54) | D20: =IFERROR(AVERAGEIF('Lead Tracker'!L$5:L$54,"Proposal Sent",'Lead Tracker'!K$5:K$54),0)
A21: Negotiation | B21: =COUNTIF('Lead Tracker'!L$5:L$54,"Negotiation") | C21: =SUMIF('Lead Tracker'!L$5:L$54,"Negotiation",'Lead Tracker'!M$5:M$54) | D21: =IFERROR(AVERAGEIF('Lead Tracker'!L$5:L$54,"Negotiation",'Lead Tracker'!K$5:K$54),0)
A22: Closed Won | B22: =COUNTIF('Lead Tracker'!L$5:L$54,"Closed Won") | C22: =SUMIF('Lead Tracker'!L$5:L$54,"Closed Won",'Lead Tracker'!M$5:M$54) | D22: =IFERROR(AVERAGEIF('Lead Tracker'!L$5:L$54,"Closed Won",'Lead Tracker'!K$5:K$54),0)
A23: Closed Lost | B23: =COUNTIF('Lead Tracker'!L$5:L$54,"Closed Lost") | C23: =SUMIF('Lead Tracker'!L$5:L$54,"Closed Lost",'Lead Tracker'!M$5:M$54) | D23: =IFERROR(AVERAGEIF('Lead Tracker'!L$5:L$54,"Closed Lost",'Lead Tracker'!K$5:K$54),0)
A24: Nurture | B24: =COUNTIF('Lead Tracker'!L$5:L$54,"Nurture") | C24: =SUMIF('Lead Tracker'!L$5:L$54,"Nurture",'Lead Tracker'!M$5:M$54) | D24: =IFERROR(AVERAGEIF('Lead Tracker'!L$5:L$54,"Nurture",'Lead Tracker'!K$5:K$54),0)
A25: TOTAL | B25: =SUM(B15:B24) | C25: =SUM(C15:C24) | D25: =AVERAGE(D15:D24)

Sheet Email Sequences
A1: Email Sequence Tracker
A3: Company | B3: Contact | C3: Email 1 Sent | D3: Email 2 Sent | E3: Email 3 Sent | F3: Email 4 Sent | G3: Reply Received?
C4: ☐ | D4: ☐ | E4: ☐ | F4: ☐ | G4: ☐
C5: ☐ | D5: ☐ | E5: ☐ | F5: ☐ | G5: ☐
C6: ☐ | D6: ☐ | E6: ☐ | F6: ☐ | G6: ☐
C7: ☐ | D7: ☐ | E7: ☐ | F7: ☐ | G7: ☐
C8: ☐ | D8: ☐ | E8: ☐ | F8: ☐ | G8: ☐
C9: ☐ | D9: ☐ | E9: ☐ | F9: ☐ | G9: ☐
C10: ☐ | D10: ☐ | E10: ☐ | F10: ☐ | G10: ☐
C11: ☐ | D11: ☐ | E11: ☐ | F11: ☐ | G11: ☐
C12: ☐ | D12: ☐ | E12: ☐ | F12: ☐ | G12: ☐
C13: ☐ | D13: ☐ | E13: ☐ | F13: ☐ | G13: ☐
C14: ☐ | D14: ☐ | E14: ☐ | F14: ☐ | G14: ☐
C15: ☐ | D15: ☐ | E15: ☐ | F15: ☐ | G15: ☐
... C53: ☐ | D53: ☐ | E53: ☐ | F53: ☐ | G53: ☐
A54: ☐ = Not sent | ☑ = Sent | Enter reply date in column G

Sheet Weekly Targets
A1: Weekly Performance Tracker
A2: Track weekly against targets from the CRM Pipeline Setup Guide
A4: Week Starting | B4: New Prospects Added | C4: Emails Sent | D4: Replies Received | E4: Discovery Calls Booked
A26: TARGET | C26: 50 | D26: 200 | E26: 5 | F26: 2
A27: AVERAGE | B27: =AVERAGE(B5:B24) | C27: =AVERAGE(C5:C24) | D27: =AVERAGE(D5:D24) | E27: =AVERAGE(E5:E24)

Sheet Monthly Revenue
A1: Monthly Revenue Tracking
A3: Month | B3: New Clients | C3: Revenue ($)
A4: Jan | B4: 0 | C4: 0
A5: Feb | B5: 0 | C5: 0
A6: Mar | B6: 0 | C6: 0
A7: Apr | B7: 0 | C7: 0
A8: May | B8: 0 | C8: 0
A9: Jun | B9: 0 | C9: 0
A10: Jul | B10: 0 | C10: 0
A11: Aug | B11: 0 | C11: 0
A12: Sep | B12: 0 | C12: 0
A13: Oct | B13: 0 | C13: 0
A14: Nov | B14: 0 | C14: 0
A15: Dec | B15: 0 | C15: 0
A16: TOTAL | B16: =SUM(B4:B15) | C16: =SUM(C4:C15)
